1.2.276.0.7230010.3.1.4.3039483695.10292.1526276981.648_data.nii.gz,1.2.276.0.7230010.3.1.4.3039483695.10292.1526276981.648_label.nii.gz
1.2.276.0.7230010.3.1.4.1878897112.8648.1525253013.825_data.nii.gz,1.2.276.0.7230010.3.1.4.1878897112.8648.1525253013.825_label.nii.gz
1.2.276.0.7230010.3.1.4.3499319931.27968.1525915341.714_data.nii.gz,1.2.276.0.7230010.3.1.4.3499319931.27968.1525915341.714_label.nii.gz
1.2.276.0.7230010.3.1.4.3499319931.29156.1525834740.628_data.nii.gz,1.2.276.0.7230010.3.1.4.3499319931.29156.1525834740.628_label.nii.gz
1.2.276.0.7230010.3.1.4.1528798526.10524.1526527699.945_data.nii.gz,1.2.276.0.7230010.3.1.4.1528798526.10524.1526527699.945_label.nii.gz
1.2.276.0.7230010.3.1.4.3499319931.25860.1525845556.532_data.nii.gz,1.2.276.0.7230010.3.1.4.3499319931.25860.1525845556.532_label.nii.gz
1.2.276.0.7230010.3.1.4.3068885867.9928.1526001555.193_data.nii.gz,1.2.276.0.7230010.3.1.4.3068885867.9928.1526001555.193_label.nii.gz
1.2.276.0.7230010.3.1.4.3295978919.2076.1526625867.427_data.nii.gz,1.2.276.0.7230010.3.1.4.3295978919.2076.1526625867.427_label.nii.gz
1.2.276.0.7230010.3.1.4.1878897112.15920.1520906129.625_data.nii.gz,1.2.276.0.7230010.3.1.4.1878897112.15920.1520906129.625_label.nii.gz
1.2.276.0.7230010.3.1.4.1306685800.4504.1526866514.582_data.nii.gz,1.2.276.0.7230010.3.1.4.1306685800.4504.1526866514.582_label.nii.gz
1.2.276.0.7230010.3.1.4.3068885867.8080.1526021967.315_data.nii.gz,1.2.276.0.7230010.3.1.4.3068885867.8080.1526021967.315_label.nii.gz
1.2.276.0.7230010.3.1.4.1878897112.10572.1525248959.810_data.nii.gz,1.2.276.0.7230010.3.1.4.1878897112.10572.1525248959.810_label.nii.gz
1.2.276.0.7230010.3.1.4.325321552.13608.1526722026.198_data.nii.gz,1.2.276.0.7230010.3.1.4.325321552.13608.1526722026.198_label.nii.gz
1.2.276.0.7230010.3.1.4.3499319931.27608.1525829260.188_data.nii.gz,1.2.276.0.7230010.3.1.4.3499319931.27608.1525829260.188_label.nii.gz
1.2.276.0.7230010.3.1.4.1878897112.16884.1520919556.582_data.nii.gz,1.2.276.0.7230010.3.1.4.1878897112.16884.1520919556.582_label.nii.gz
1.2.276.0.7230010.3.1.4.1306685800.9576.1526866725.483_data.nii.gz,1.2.276.0.7230010.3.1.4.1306685800.9576.1526866725.483_label.nii.gz
1.2.276.0.7230010.3.1.4.1878897112.19196.1520906830.294_data.nii.gz,1.2.276.0.7230010.3.1.4.1878897112.19196.1520906830.294_label.nii.gz
1.2.276.0.7230010.3.1.4.209996542.4008.1531896336.574_data.nii.gz,1.2.276.0.7230010.3.1.4.209996542.4008.1531896336.574_label.nii.gz
1.2.276.0.7230010.3.1.4.1878897112.18100.1520922525.946_data.nii.gz,1.2.276.0.7230010.3.1.4.1878897112.18100.1520922525.946_label.nii.gz
1.2.276.0.7230010.3.1.4.1528798526.8376.1526536329.343_data.nii.gz,1.2.276.0.7230010.3.1.4.1528798526.8376.1526536329.343_label.nii.gz
1.2.276.0.7230010.3.1.4.1528798526.11904.1526537587.516_data.nii.gz,1.2.276.0.7230010.3.1.4.1528798526.11904.1526537587.516_label.nii.gz
1.2.276.0.7230010.3.1.4.3499319931.18276.1525742455.87_data.nii.gz,1.2.276.0.7230010.3.1.4.3499319931.18276.1525742455.87_label.nii.gz
1.2.276.0.7230010.3.1.4.1878897112.16692.1520499913.762_data.nii.gz,1.2.276.0.7230010.3.1.4.1878897112.16692.1520499913.762_label.nii.gz
1.2.276.0.7230010.3.1.4.1878897112.8280.1525253397.590_data.nii.gz,1.2.276.0.7230010.3.1.4.1878897112.8280.1525253397.590_label.nii.gz
1.2.276.0.7230010.3.1.4.1878897112.3696.1525254234.739_data.nii.gz,1.2.276.0.7230010.3.1.4.1878897112.3696.1525254234.739_label.nii.gz
1.2.276.0.7230010.3.1.4.1878897112.6692.1525250201.491_data.nii.gz,1.2.276.0.7230010.3.1.4.1878897112.6692.1525250201.491_label.nii.gz
1.2.276.0.7230010.3.1.4.1878897112.10736.1520493333.706_data.nii.gz,1.2.276.0.7230010.3.1.4.1878897112.10736.1520493333.706_label.nii.gz
1.2.276.0.7230010.3.1.4.3499319931.27880.1525828992.387_data.nii.gz,1.2.276.0.7230010.3.1.4.3499319931.27880.1525828992.387_label.nii.gz
1.2.276.0.7230010.3.1.4.1528798526.14868.1526547478.985_data.nii.gz,1.2.276.0.7230010.3.1.4.1528798526.14868.1526547478.985_label.nii.gz
1.2.276.0.7230010.3.1.4.1528798526.13152.1526545537.30_data.nii.gz,1.2.276.0.7230010.3.1.4.1528798526.13152.1526545537.30_label.nii.gz
1.2.276.0.7230010.3.1.4.1878897112.16116.1520919931.986_data.nii.gz,1.2.276.0.7230010.3.1.4.1878897112.16116.1520919931.986_label.nii.gz
1.2.276.0.7230010.3.1.4.3499319931.20264.1525832179.255_data.nii.gz,1.2.276.0.7230010.3.1.4.3499319931.20264.1525832179.255_label.nii.gz
1.2.276.0.7230010.3.1.4.3499319931.31540.1525846261.617_data.nii.gz,1.2.276.0.7230010.3.1.4.3499319931.31540.1525846261.617_label.nii.gz
1.2.276.0.7230010.3.1.4.1878897112.816.1525251075.288_data.nii.gz,1.2.276.0.7230010.3.1.4.1878897112.816.1525251075.288_label.nii.gz
1.2.276.0.7230010.3.1.4.325321552.10304.1526710599.921_data.nii.gz,1.2.276.0.7230010.3.1.4.325321552.10304.1526710599.921_label.nii.gz
1.2.276.0.7230010.3.1.4.3499319931.13464.1525761332.853_data.nii.gz,1.2.276.0.7230010.3.1.4.3499319931.13464.1525761332.853_label.nii.gz
1.2.276.0.7230010.3.1.4.3499319931.14884.1525829536.17_data.nii.gz,1.2.276.0.7230010.3.1.4.3499319931.14884.1525829536.17_label.nii.gz
1.2.276.0.7230010.3.1.4.1878897112.3796.1525239868.203_data.nii.gz,1.2.276.0.7230010.3.1.4.1878897112.3796.1525239868.203_label.nii.gz
1.2.276.0.7230010.3.1.4.3295978919.17188.1526631357.764_data.nii.gz,1.2.276.0.7230010.3.1.4.3295978919.17188.1526631357.764_label.nii.gz
1.2.276.0.7230010.3.1.4.3499319931.27036.1525855525.820_data.nii.gz,1.2.276.0.7230010.3.1.4.3499319931.27036.1525855525.820_label.nii.gz
1.2.276.0.7230010.3.1.4.1528798526.7864.1526539286.691_data.nii.gz,1.2.276.0.7230010.3.1.4.1528798526.7864.1526539286.691_label.nii.gz
1.2.276.0.7230010.3.1.4.3499319931.30684.1525847066.429_data.nii.gz,1.2.276.0.7230010.3.1.4.3499319931.30684.1525847066.429_label.nii.gz
1.2.276.0.7230010.3.1.4.1528798526.10620.1526527466.342_data.nii.gz,1.2.276.0.7230010.3.1.4.1528798526.10620.1526527466.342_label.nii.gz
1.2.276.0.7230010.3.1.4.1878897112.10812.1525232290.855_data.nii.gz,1.2.276.0.7230010.3.1.4.1878897112.10812.1525232290.855_label.nii.gz
1.2.276.0.7230010.3.1.4.3212186034.9152.1525331351.49_data.nii.gz,1.2.276.0.7230010.3.1.4.3212186034.9152.1525331351.49_label.nii.gz
1.2.276.0.7230010.3.1.4.1878897112.17580.1520996079.851_data.nii.gz,1.2.276.0.7230010.3.1.4.1878897112.17580.1520996079.851_label.nii.gz
1.2.276.0.7230010.3.1.4.325321552.4992.1526712493.3_data.nii.gz,1.2.276.0.7230010.3.1.4.325321552.4992.1526712493.3_label.nii.gz
1.2.276.0.7230010.3.1.4.1878897112.18448.1520904919.299_data.nii.gz,1.2.276.0.7230010.3.1.4.1878897112.18448.1520904919.299_label.nii.gz
1.2.276.0.7230010.3.1.4.1878897112.5564.1520847369.806_data.nii.gz,1.2.276.0.7230010.3.1.4.1878897112.5564.1520847369.806_label.nii.gz
1.2.276.0.7230010.3.1.4.1878897112.10556.1525252759.123_data.nii.gz,1.2.276.0.7230010.3.1.4.1878897112.10556.1525252759.123_label.nii.gz
1.2.276.0.7230010.3.1.4.1878897112.7372.1525231983.81_data.nii.gz,1.2.276.0.7230010.3.1.4.1878897112.7372.1525231983.81_label.nii.gz
1.2.276.0.7230010.3.1.4.3499319931.32420.1525864425.775_data.nii.gz,1.2.276.0.7230010.3.1.4.3499319931.32420.1525864425.775_label.nii.gz
1.2.276.0.7230010.3.1.4.1878897112.10488.1520499003.782_data.nii.gz,1.2.276.0.7230010.3.1.4.1878897112.10488.1520499003.782_label.nii.gz
1.2.276.0.7230010.3.1.4.1878897112.18984.1520994032.994_data.nii.gz,1.2.276.0.7230010.3.1.4.1878897112.18984.1520994032.994_label.nii.gz
1.2.276.0.7230010.3.1.4.1878897112.6556.1520923122.945_data.nii.gz,1.2.276.0.7230010.3.1.4.1878897112.6556.1520923122.945_label.nii.gz
1.2.276.0.7230010.3.1.4.1878897112.17468.1520996574.882_data.nii.gz,1.2.276.0.7230010.3.1.4.1878897112.17468.1520996574.882_label.nii.gz
1.2.276.0.7230010.3.1.4.3295978919.9584.1526624322.873_data.nii.gz,1.2.276.0.7230010.3.1.4.3295978919.9584.1526624322.873_label.nii.gz
1.2.276.0.7230010.3.1.4.1878897112.13592.1520492405.85_data.nii.gz,1.2.276.0.7230010.3.1.4.1878897112.13592.1520492405.85_label.nii.gz
1.2.276.0.7230010.3.1.4.3295978919.14944.1526628607.365_data.nii.gz,1.2.276.0.7230010.3.1.4.3295978919.14944.1526628607.365_label.nii.gz
1.2.276.0.7230010.3.1.4.1878897112.11384.1520907709.397_data.nii.gz,1.2.276.0.7230010.3.1.4.1878897112.11384.1520907709.397_label.nii.gz
1.2.276.0.7230010.3.1.4.1878897112.19524.1520992725.78_data.nii.gz,1.2.276.0.7230010.3.1.4.1878897112.19524.1520992725.78_label.nii.gz
1.2.276.0.7230010.3.1.4.3499319931.29296.1525834410.830_data.nii.gz,1.2.276.0.7230010.3.1.4.3499319931.29296.1525834410.830_label.nii.gz
1.2.276.0.7230010.3.1.4.3499319931.5220.1525677075.600_data.nii.gz,1.2.276.0.7230010.3.1.4.3499319931.5220.1525677075.600_label.nii.gz
1.2.276.0.7230010.3.1.4.3499319931.20812.1525767591.166_data.nii.gz,1.2.276.0.7230010.3.1.4.3499319931.20812.1525767591.166_label.nii.gz
1.2.276.0.7230010.3.1.4.1878897112.4104.1525247539.178_data.nii.gz,1.2.276.0.7230010.3.1.4.1878897112.4104.1525247539.178_label.nii.gz
1.2.276.0.7230010.3.1.4.3499319931.32448.1525863939.521_data.nii.gz,1.2.276.0.7230010.3.1.4.3499319931.32448.1525863939.521_label.nii.gz
1.2.276.0.7230010.3.1.4.325321552.9388.1526719519.746_data.nii.gz,1.2.276.0.7230010.3.1.4.325321552.9388.1526719519.746_label.nii.gz
1.2.276.0.7230010.3.1.4.3212186034.9796.1525329549.236_data.nii.gz,1.2.276.0.7230010.3.1.4.3212186034.9796.1525329549.236_label.nii.gz
1.2.276.0.7230010.3.1.4.1878897112.16644.1520912713.663_data.nii.gz,1.2.276.0.7230010.3.1.4.1878897112.16644.1520912713.663_label.nii.gz
1.2.276.0.7230010.3.1.4.1878897112.9944.1520912488.792_data.nii.gz,1.2.276.0.7230010.3.1.4.1878897112.9944.1520912488.792_label.nii.gz
1.2.276.0.7230010.3.1.4.325321552.9132.1526709761.555_data.nii.gz,1.2.276.0.7230010.3.1.4.325321552.9132.1526709761.555_label.nii.gz
1.2.276.0.7230010.3.1.4.1878897112.3824.1520494000.984_data.nii.gz,1.2.276.0.7230010.3.1.4.1878897112.3824.1520494000.984_label.nii.gz
1.2.276.0.7230010.3.1.4.1878897112.8320.1525249170.167_data.nii.gz,1.2.276.0.7230010.3.1.4.1878897112.8320.1525249170.167_label.nii.gz
1.2.276.0.7230010.3.1.4.3499319931.8268.1525761451.447_data.nii.gz,1.2.276.0.7230010.3.1.4.3499319931.8268.1525761451.447_label.nii.gz
1.2.276.0.7230010.3.1.4.3499319931.14364.1525683064.47_data.nii.gz,1.2.276.0.7230010.3.1.4.3499319931.14364.1525683064.47_label.nii.gz
1.2.276.0.7230010.3.1.4.3499319931.29076.1525937871.982_data.nii.gz,1.2.276.0.7230010.3.1.4.3499319931.29076.1525937871.982_label.nii.gz
1.2.276.0.7230010.3.1.4.1878897112.9832.1525253607.893_data.nii.gz,1.2.276.0.7230010.3.1.4.1878897112.9832.1525253607.893_label.nii.gz
1.2.276.0.7230010.3.1.4.3212186034.4160.1525332040.468_data.nii.gz,1.2.276.0.7230010.3.1.4.3212186034.4160.1525332040.468_label.nii.gz
1.2.276.0.7230010.3.1.4.3499319931.28816.1525846380.845_data.nii.gz,1.2.276.0.7230010.3.1.4.3499319931.28816.1525846380.845_label.nii.gz
1.2.276.0.7230010.3.1.4.1878897112.9580.1520495105.128_data.nii.gz,1.2.276.0.7230010.3.1.4.1878897112.9580.1520495105.128_label.nii.gz
1.2.276.0.7230010.3.1.4.3499319931.19600.1525760484.623_data.nii.gz,1.2.276.0.7230010.3.1.4.3499319931.19600.1525760484.623_label.nii.gz
1.2.276.0.7230010.3.1.4.1878897112.11140.1525247718.208_data.nii.gz,1.2.276.0.7230010.3.1.4.1878897112.11140.1525247718.208_label.nii.gz
1.2.276.0.7230010.3.1.4.3039483695.6744.1526282590.223_data.nii.gz,1.2.276.0.7230010.3.1.4.3039483695.6744.1526282590.223_label.nii.gz
1.2.276.0.7230010.3.1.4.1878897112.19100.1520844935.985_data.nii.gz,1.2.276.0.7230010.3.1.4.1878897112.19100.1520844935.985_label.nii.gz
1.2.276.0.7230010.3.1.4.3499319931.13636.1525681635.851_data.nii.gz,1.2.276.0.7230010.3.1.4.3499319931.13636.1525681635.851_label.nii.gz
1.2.276.0.7230010.3.1.4.1878897112.9548.1520496943.985_data.nii.gz,1.2.276.0.7230010.3.1.4.1878897112.9548.1520496943.985_label.nii.gz
1.2.276.0.7230010.3.1.4.325321552.9360.1526712588.116_data.nii.gz,1.2.276.0.7230010.3.1.4.325321552.9360.1526712588.116_label.nii.gz
1.2.276.0.7230010.3.1.4.3039483695.4644.1526280684.630_data.nii.gz,1.2.276.0.7230010.3.1.4.3039483695.4644.1526280684.630_label.nii.gz
1.2.276.0.7230010.3.1.4.3295978919.14472.1526628380.129_data.nii.gz,1.2.276.0.7230010.3.1.4.3295978919.14472.1526628380.129_label.nii.gz
1.2.276.0.7230010.3.1.4.1878897112.10440.1520919646.685_data.nii.gz,1.2.276.0.7230010.3.1.4.1878897112.10440.1520919646.685_label.nii.gz
1.2.276.0.7230010.3.1.4.1528798526.13040.1526545682.532_data.nii.gz,1.2.276.0.7230010.3.1.4.1528798526.13040.1526545682.532_label.nii.gz
1.2.276.0.7230010.3.1.4.209996542.2780.1531893435.286_data.nii.gz,1.2.276.0.7230010.3.1.4.209996542.2780.1531893435.286_label.nii.gz
1.2.276.0.7230010.3.1.4.1878897112.11076.1520997215.581_data.nii.gz,1.2.276.0.7230010.3.1.4.1878897112.11076.1520997215.581_label.nii.gz
1.2.276.0.7230010.3.1.4.1878897112.11136.1520420659.77_data.nii.gz,1.2.276.0.7230010.3.1.4.1878897112.11136.1520420659.77_label.nii.gz
1.2.276.0.7230010.3.1.4.3499319931.15900.1525681883.117_data.nii.gz,1.2.276.0.7230010.3.1.4.3499319931.15900.1525681883.117_label.nii.gz
1.2.276.0.7230010.3.1.4.3499319931.20392.1525761110.728_data.nii.gz,1.2.276.0.7230010.3.1.4.3499319931.20392.1525761110.728_label.nii.gz
1.2.276.0.7230010.3.1.4.1528798526.12600.1526524887.631_data.nii.gz,1.2.276.0.7230010.3.1.4.1528798526.12600.1526524887.631_label.nii.gz
1.2.276.0.7230010.3.1.4.1528798526.14436.1526547034.481_data.nii.gz,1.2.276.0.7230010.3.1.4.1528798526.14436.1526547034.481_label.nii.gz
1.2.276.0.7230010.3.1.4.3039483695.3196.1526282766.77_data.nii.gz,1.2.276.0.7230010.3.1.4.3039483695.3196.1526282766.77_label.nii.gz
1.2.276.0.7230010.3.1.4.3068885867.11900.1526008876.788_data.nii.gz,1.2.276.0.7230010.3.1.4.3068885867.11900.1526008876.788_label.nii.gz
1.2.276.0.7230010.3.1.4.3499319931.5528.1525762589.838_data.nii.gz,1.2.276.0.7230010.3.1.4.3499319931.5528.1525762589.838_label.nii.gz
1.2.276.0.7230010.3.1.4.649952970.7768.1526956773.911_data.nii.gz,1.2.276.0.7230010.3.1.4.649952970.7768.1526956773.911_label.nii.gz
1.2.276.0.7230010.3.1.4.3499319931.20912.1525783178.194_data.nii.gz,1.2.276.0.7230010.3.1.4.3499319931.20912.1525783178.194_label.nii.gz
1.2.276.0.7230010.3.1.4.3499319931.3324.1525783027.646_data.nii.gz,1.2.276.0.7230010.3.1.4.3499319931.3324.1525783027.646_label.nii.gz
1.2.276.0.7230010.3.1.4.649952970.7828.1526953455.353_data.nii.gz,1.2.276.0.7230010.3.1.4.649952970.7828.1526953455.353_label.nii.gz
1.2.276.0.7230010.3.1.4.1878897112.10200.1520845748.918_data.nii.gz,1.2.276.0.7230010.3.1.4.1878897112.10200.1520845748.918_label.nii.gz
1.2.276.0.7230010.3.1.4.1878897112.11116.1525242907.870_data.nii.gz,1.2.276.0.7230010.3.1.4.1878897112.11116.1525242907.870_label.nii.gz
1.2.276.0.7230010.3.1.4.1878897112.6216.1525232475.426_data.nii.gz,1.2.276.0.7230010.3.1.4.1878897112.6216.1525232475.426_label.nii.gz
1.2.276.0.7230010.3.1.4.1878897112.20080.1520996380.184_data.nii.gz,1.2.276.0.7230010.3.1.4.1878897112.20080.1520996380.184_label.nii.gz
1.2.276.0.7230010.3.1.4.3499319931.7112.1525747305.215_data.nii.gz,1.2.276.0.7230010.3.1.4.3499319931.7112.1525747305.215_label.nii.gz
1.2.276.0.7230010.3.1.4.325321552.9228.1526709573.286_data.nii.gz,1.2.276.0.7230010.3.1.4.325321552.9228.1526709573.286_label.nii.gz
1.2.276.0.7230010.3.1.4.649952970.5640.1526956962.971_data.nii.gz,1.2.276.0.7230010.3.1.4.649952970.5640.1526956962.971_label.nii.gz
1.2.276.0.7230010.3.1.4.3499319931.13456.1525674317.985_data.nii.gz,1.2.276.0.7230010.3.1.4.3499319931.13456.1525674317.985_label.nii.gz
1.2.276.0.7230010.3.1.4.3499319931.31940.1525933729.115_data.nii.gz,1.2.276.0.7230010.3.1.4.3499319931.31940.1525933729.115_label.nii.gz
1.2.276.0.7230010.3.1.4.3039483695.9472.1526277432.23_data.nii.gz,1.2.276.0.7230010.3.1.4.3039483695.9472.1526277432.23_label.nii.gz
1.2.276.0.7230010.3.1.4.3068885867.7644.1526022177.610_data.nii.gz,1.2.276.0.7230010.3.1.4.3068885867.7644.1526022177.610_label.nii.gz
1.2.276.0.7230010.3.1.4.209996542.9428.1531731353.71_data.nii.gz,1.2.276.0.7230010.3.1.4.209996542.9428.1531731353.71_label.nii.gz
1.2.276.0.7230010.3.1.4.1528798526.11296.1526536211.634_data.nii.gz,1.2.276.0.7230010.3.1.4.1528798526.11296.1526536211.634_label.nii.gz
1.2.276.0.7230010.3.1.4.1528798526.12924.1526528017.477_data.nii.gz,1.2.276.0.7230010.3.1.4.1528798526.12924.1526528017.477_label.nii.gz
1.2.276.0.7230010.3.1.4.1878897112.15588.1520996997.317_data.nii.gz,1.2.276.0.7230010.3.1.4.1878897112.15588.1520996997.317_label.nii.gz
1.2.276.0.7230010.3.1.4.1878897112.11984.1520495843.427_data.nii.gz,1.2.276.0.7230010.3.1.4.1878897112.11984.1520495843.427_label.nii.gz
1.2.276.0.7230010.3.1.4.3499319931.15544.1525682258.282_data.nii.gz,1.2.276.0.7230010.3.1.4.3499319931.15544.1525682258.282_label.nii.gz
1.2.276.0.7230010.3.1.4.1878897112.9324.1520850950.136_data.nii.gz,1.2.276.0.7230010.3.1.4.1878897112.9324.1520850950.136_label.nii.gz
1.2.276.0.7230010.3.1.4.1878897112.16156.1520495315.609_data.nii.gz,1.2.276.0.7230010.3.1.4.1878897112.16156.1520495315.609_label.nii.gz
1.2.276.0.7230010.3.1.4.3499319931.17480.1525745297.205_data.nii.gz,1.2.276.0.7230010.3.1.4.3499319931.17480.1525745297.205_label.nii.gz
1.2.276.0.7230010.3.1.4.1878897112.4480.1520848152.188_data.nii.gz,1.2.276.0.7230010.3.1.4.1878897112.4480.1520848152.188_label.nii.gz
1.2.276.0.7230010.3.1.4.1306685800.11852.1526866305.742_data.nii.gz,1.2.276.0.7230010.3.1.4.1306685800.11852.1526866305.742_label.nii.gz
1.2.276.0.7230010.3.1.4.162772450.36924.1526460791.765_data.nii.gz,1.2.276.0.7230010.3.1.4.162772450.36924.1526460791.765_label.nii.gz
1.2.276.0.7230010.3.1.4.1878897112.13896.1520908532.581_data.nii.gz,1.2.276.0.7230010.3.1.4.1878897112.13896.1520908532.581_label.nii.gz
1.2.276.0.7230010.3.1.4.3212186034.2156.1525332636.958_data.nii.gz,1.2.276.0.7230010.3.1.4.3212186034.2156.1525332636.958_label.nii.gz
1.2.276.0.7230010.3.1.4.3295978919.14100.1526629469.653_data.nii.gz,1.2.276.0.7230010.3.1.4.3295978919.14100.1526629469.653_label.nii.gz
1.2.276.0.7230010.3.1.4.1878897112.8536.1525249968.648_data.nii.gz,1.2.276.0.7230010.3.1.4.1878897112.8536.1525249968.648_label.nii.gz
1.2.276.0.7230010.3.1.4.649952970.4268.1526956636.652_data.nii.gz,1.2.276.0.7230010.3.1.4.649952970.4268.1526956636.652_label.nii.gz
1.2.276.0.7230010.3.1.4.3039483695.12072.1526283468.459_data.nii.gz,1.2.276.0.7230010.3.1.4.3039483695.12072.1526283468.459_label.nii.gz
1.2.276.0.7230010.3.1.4.3499319931.30032.1525856886.799_data.nii.gz,1.2.276.0.7230010.3.1.4.3499319931.30032.1525856886.799_label.nii.gz
1.2.276.0.7230010.3.1.4.3068885867.6624.1526002252.445_data.nii.gz,1.2.276.0.7230010.3.1.4.3068885867.6624.1526002252.445_label.nii.gz
1.2.276.0.7230010.3.1.4.649952970.8712.1526955965.336_data.nii.gz,1.2.276.0.7230010.3.1.4.649952970.8712.1526955965.336_label.nii.gz
1.2.276.0.7230010.3.1.4.649952970.9532.1526957058.594_data.nii.gz,1.2.276.0.7230010.3.1.4.649952970.9532.1526957058.594_label.nii.gz
1.2.276.0.7230010.3.1.4.3295978919.11980.1526629059.724_data.nii.gz,1.2.276.0.7230010.3.1.4.3295978919.11980.1526629059.724_label.nii.gz
1.2.276.0.7230010.3.1.4.1878897112.12568.1520419817.866_data.nii.gz,1.2.276.0.7230010.3.1.4.1878897112.12568.1520419817.866_label.nii.gz
1.2.276.0.7230010.3.1.4.1878897112.10136.1520990622.118_data.nii.gz,1.2.276.0.7230010.3.1.4.1878897112.10136.1520990622.118_label.nii.gz
1.2.276.0.7230010.3.1.4.1528798526.13916.1526545799.367_data.nii.gz,1.2.276.0.7230010.3.1.4.1528798526.13916.1526545799.367_label.nii.gz
1.2.276.0.7230010.3.1.4.3212186034.1932.1525341529.5_data.nii.gz,1.2.276.0.7230010.3.1.4.3212186034.1932.1525341529.5_label.nii.gz
1.2.276.0.7230010.3.1.4.3499319931.30660.1525856701.613_data.nii.gz,1.2.276.0.7230010.3.1.4.3499319931.30660.1525856701.613_label.nii.gz
1.2.276.0.7230010.3.1.4.1878897112.10360.1520497218.245_data.nii.gz,1.2.276.0.7230010.3.1.4.1878897112.10360.1520497218.245_label.nii.gz
1.2.276.0.7230010.3.1.4.1878897112.9512.1525253891.951_data.nii.gz,1.2.276.0.7230010.3.1.4.1878897112.9512.1525253891.951_label.nii.gz
1.2.276.0.7230010.3.1.4.1878897112.17848.1520850829.841_data.nii.gz,1.2.276.0.7230010.3.1.4.1878897112.17848.1520850829.841_label.nii.gz
1.2.276.0.7230010.3.1.4.1878897112.8432.1525241844.120_data.nii.gz,1.2.276.0.7230010.3.1.4.1878897112.8432.1525241844.120_label.nii.gz
1.2.276.0.7230010.3.1.4.325321552.11612.1526719362.276_data.nii.gz,1.2.276.0.7230010.3.1.4.325321552.11612.1526719362.276_label.nii.gz
1.2.276.0.7230010.3.1.4.3039483695.6836.1526279950.409_data.nii.gz,1.2.276.0.7230010.3.1.4.3039483695.6836.1526279950.409_label.nii.gz
1.2.276.0.7230010.3.1.4.3499319931.13856.1525768159.346_data.nii.gz,1.2.276.0.7230010.3.1.4.3499319931.13856.1525768159.346_label.nii.gz
1.2.276.0.7230010.3.1.4.3039483695.11080.1526283108.723_data.nii.gz,1.2.276.0.7230010.3.1.4.3039483695.11080.1526283108.723_label.nii.gz
1.2.276.0.7230010.3.1.4.3499319931.15580.1525681341.109_data.nii.gz,1.2.276.0.7230010.3.1.4.3499319931.15580.1525681341.109_label.nii.gz
1.2.276.0.7230010.3.1.4.1528798526.12436.1526547650.951_data.nii.gz,1.2.276.0.7230010.3.1.4.1528798526.12436.1526547650.951_label.nii.gz
1.2.276.0.7230010.3.1.4.3499319931.24284.1525782789.874_data.nii.gz,1.2.276.0.7230010.3.1.4.3499319931.24284.1525782789.874_label.nii.gz
1.2.276.0.7230010.3.1.4.325321552.512.1526709883.562_data.nii.gz,1.2.276.0.7230010.3.1.4.325321552.512.1526709883.562_label.nii.gz
1.2.276.0.7230010.3.1.4.1878897112.17432.1520922685.584_data.nii.gz,1.2.276.0.7230010.3.1.4.1878897112.17432.1520922685.584_label.nii.gz
1.2.276.0.7230010.3.1.4.3499319931.15896.1525745699.132_data.nii.gz,1.2.276.0.7230010.3.1.4.3499319931.15896.1525745699.132_label.nii.gz
1.2.276.0.7230010.3.1.4.3212186034.7768.1525344355.206_data.nii.gz,1.2.276.0.7230010.3.1.4.3212186034.7768.1525344355.206_label.nii.gz
1.2.276.0.7230010.3.1.4.3499319931.20484.1525829362.871_data.nii.gz,1.2.276.0.7230010.3.1.4.3499319931.20484.1525829362.871_label.nii.gz
1.2.276.0.7230010.3.1.4.1528798526.12680.1526524733.773_data.nii.gz,1.2.276.0.7230010.3.1.4.1528798526.12680.1526524733.773_label.nii.gz
1.2.276.0.7230010.3.1.4.1878897112.8864.1520848517.490_data.nii.gz,1.2.276.0.7230010.3.1.4.1878897112.8864.1520848517.490_label.nii.gz
1.2.276.0.7230010.3.1.4.1878897112.19780.1520998462.411_data.nii.gz,1.2.276.0.7230010.3.1.4.1878897112.19780.1520998462.411_label.nii.gz
1.2.276.0.7230010.3.1.4.3039483695.10296.1526281798.472_data.nii.gz,1.2.276.0.7230010.3.1.4.3039483695.10296.1526281798.472_label.nii.gz
1.2.276.0.7230010.3.1.4.3499319931.9508.1525762381.998_data.nii.gz,1.2.276.0.7230010.3.1.4.3499319931.9508.1525762381.998_label.nii.gz
1.2.276.0.7230010.3.1.4.1878897112.588.1525248392.998_data.nii.gz,1.2.276.0.7230010.3.1.4.1878897112.588.1525248392.998_label.nii.gz
1.2.276.0.7230010.3.1.4.1878897112.8076.1525252116.167_data.nii.gz,1.2.276.0.7230010.3.1.4.1878897112.8076.1525252116.167_label.nii.gz
1.2.276.0.7230010.3.1.4.1878897112.18484.1520823605.521_data.nii.gz,1.2.276.0.7230010.3.1.4.1878897112.18484.1520823605.521_label.nii.gz
1.2.276.0.7230010.3.1.4.3499319931.23876.1525831101.365_data.nii.gz,1.2.276.0.7230010.3.1.4.3499319931.23876.1525831101.365_label.nii.gz
1.2.276.0.7230010.3.1.4.3499319931.16028.1525679315.163_data.nii.gz,1.2.276.0.7230010.3.1.4.3499319931.16028.1525679315.163_label.nii.gz
1.2.276.0.7230010.3.1.4.3212186034.9796.1525340298.923_data.nii.gz,1.2.276.0.7230010.3.1.4.3212186034.9796.1525340298.923_label.nii.gz
1.2.276.0.7230010.3.1.4.3039483695.6340.1526280054.578_data.nii.gz,1.2.276.0.7230010.3.1.4.3039483695.6340.1526280054.578_label.nii.gz
1.2.276.0.7230010.3.1.4.1878897112.20424.1520991218.907_data.nii.gz,1.2.276.0.7230010.3.1.4.1878897112.20424.1520991218.907_label.nii.gz
1.2.276.0.7230010.3.1.4.1878897112.13068.1520493626.104_data.nii.gz,1.2.276.0.7230010.3.1.4.1878897112.13068.1520493626.104_label.nii.gz
1.2.276.0.7230010.3.1.4.3499319931.18616.1525768611.993_data.nii.gz,1.2.276.0.7230010.3.1.4.3499319931.18616.1525768611.993_label.nii.gz
1.2.276.0.7230010.3.1.4.1878897112.10296.1525248661.130_data.nii.gz,1.2.276.0.7230010.3.1.4.1878897112.10296.1525248661.130_label.nii.gz
1.2.276.0.7230010.3.1.4.3212186034.7116.1525337314.769_data.nii.gz,1.2.276.0.7230010.3.1.4.3212186034.7116.1525337314.769_label.nii.gz
1.2.276.0.7230010.3.1.4.3499319931.19008.1525952262.902_data.nii.gz,1.2.276.0.7230010.3.1.4.3499319931.19008.1525952262.902_label.nii.gz
1.2.276.0.7230010.3.1.4.1878897112.20328.1520998336.315_data.nii.gz,1.2.276.0.7230010.3.1.4.1878897112.20328.1520998336.315_label.nii.gz
1.2.276.0.7230010.3.1.4.3499319931.17824.1525742924.983_data.nii.gz,1.2.276.0.7230010.3.1.4.3499319931.17824.1525742924.983_label.nii.gz
1.2.276.0.7230010.3.1.4.3499319931.16184.1525761689.320_data.nii.gz,1.2.276.0.7230010.3.1.4.3499319931.16184.1525761689.320_label.nii.gz
1.2.276.0.7230010.3.1.4.649952970.11984.1526956070.991_data.nii.gz,1.2.276.0.7230010.3.1.4.649952970.11984.1526956070.991_label.nii.gz
1.2.276.0.7230010.3.1.4.3499319931.27860.1525833015.356_data.nii.gz,1.2.276.0.7230010.3.1.4.3499319931.27860.1525833015.356_label.nii.gz
1.2.276.0.7230010.3.1.4.3068885867.3204.1526002083.552_data.nii.gz,1.2.276.0.7230010.3.1.4.3068885867.3204.1526002083.552_label.nii.gz
1.2.276.0.7230010.3.1.4.325321552.10552.1526719114.35_data.nii.gz,1.2.276.0.7230010.3.1.4.325321552.10552.1526719114.35_label.nii.gz
1.2.276.0.7230010.3.1.4.1878897112.17136.1520921082.304_data.nii.gz,1.2.276.0.7230010.3.1.4.1878897112.17136.1520921082.304_label.nii.gz
1.2.276.0.7230010.3.1.4.3499319931.30972.1525856206.706_data.nii.gz,1.2.276.0.7230010.3.1.4.3499319931.30972.1525856206.706_label.nii.gz
1.2.276.0.7230010.3.1.4.3295978919.6968.1526627632.935_data.nii.gz,1.2.276.0.7230010.3.1.4.3295978919.6968.1526627632.935_label.nii.gz
1.2.276.0.7230010.3.1.4.3499319931.18860.1525764413.136_data.nii.gz,1.2.276.0.7230010.3.1.4.3499319931.18860.1525764413.136_label.nii.gz
1.2.276.0.7230010.3.1.4.3039483695.10348.1526277600.962_data.nii.gz,1.2.276.0.7230010.3.1.4.3039483695.10348.1526277600.962_label.nii.gz
1.2.276.0.7230010.3.1.4.3295978919.15368.1526629565.472_data.nii.gz,1.2.276.0.7230010.3.1.4.3295978919.15368.1526629565.472_label.nii.gz
1.2.276.0.7230010.3.1.4.3295978919.16368.1526628742.621_data.nii.gz,1.2.276.0.7230010.3.1.4.3295978919.16368.1526628742.621_label.nii.gz
1.2.276.0.7230010.3.1.4.3499319931.34928.1525915173.952_data.nii.gz,1.2.276.0.7230010.3.1.4.3499319931.34928.1525915173.952_label.nii.gz
1.2.276.0.7230010.3.1.4.3039483695.6128.1526277777.272_data.nii.gz,1.2.276.0.7230010.3.1.4.3039483695.6128.1526277777.272_label.nii.gz
1.2.276.0.7230010.3.1.4.1878897112.17960.1520920057.506_data.nii.gz,1.2.276.0.7230010.3.1.4.1878897112.17960.1520920057.506_label.nii.gz
1.2.276.0.7230010.3.1.4.3499319931.30856.1525848573.543_data.nii.gz,1.2.276.0.7230010.3.1.4.3499319931.30856.1525848573.543_label.nii.gz
1.2.276.0.7230010.3.1.4.325321552.10968.1526714039.841_data.nii.gz,1.2.276.0.7230010.3.1.4.325321552.10968.1526714039.841_label.nii.gz
1.2.276.0.7230010.3.1.4.1878897112.14936.1520904490.929_data.nii.gz,1.2.276.0.7230010.3.1.4.1878897112.14936.1520904490.929_label.nii.gz
1.2.276.0.7230010.3.1.4.3212186034.1432.1525337907.150_data.nii.gz,1.2.276.0.7230010.3.1.4.3212186034.1432.1525337907.150_label.nii.gz
1.2.276.0.7230010.3.1.4.1878897112.5276.1525243178.135_data.nii.gz,1.2.276.0.7230010.3.1.4.1878897112.5276.1525243178.135_label.nii.gz
1.2.276.0.7230010.3.1.4.1878897112.17816.1520907052.83_data.nii.gz,1.2.276.0.7230010.3.1.4.1878897112.17816.1520907052.83_label.nii.gz
1.2.276.0.7230010.3.1.4.1528798526.12512.1526526915.482_data.nii.gz,1.2.276.0.7230010.3.1.4.1528798526.12512.1526526915.482_label.nii.gz
1.2.276.0.7230010.3.1.4.1878897112.14268.1520499360.93_data.nii.gz,1.2.276.0.7230010.3.1.4.1878897112.14268.1520499360.93_label.nii.gz
1.2.276.0.7230010.3.1.4.325321552.11908.1526712333.901_data.nii.gz,1.2.276.0.7230010.3.1.4.325321552.11908.1526712333.901_label.nii.gz
1.2.276.0.7230010.3.1.4.3295978919.12236.1526625735.268_data.nii.gz,1.2.276.0.7230010.3.1.4.3295978919.12236.1526625735.268_label.nii.gz
1.2.276.0.7230010.3.1.4.3499319931.20632.1525835185.706_data.nii.gz,1.2.276.0.7230010.3.1.4.3499319931.20632.1525835185.706_label.nii.gz
1.2.276.0.7230010.3.1.4.3499319931.17600.1525746564.957_data.nii.gz,1.2.276.0.7230010.3.1.4.3499319931.17600.1525746564.957_label.nii.gz
1.2.276.0.7230010.3.1.4.1878897112.4860.1520906532.929_data.nii.gz,1.2.276.0.7230010.3.1.4.1878897112.4860.1520906532.929_label.nii.gz
1.2.276.0.7230010.3.1.4.3039483695.8532.1526283233.993_data.nii.gz,1.2.276.0.7230010.3.1.4.3039483695.8532.1526283233.993_label.nii.gz
1.2.276.0.7230010.3.1.4.3499319931.18780.1525760633.522_data.nii.gz,1.2.276.0.7230010.3.1.4.3499319931.18780.1525760633.522_label.nii.gz
1.2.276.0.7230010.3.1.4.1878897112.16104.1520922340.748_data.nii.gz,1.2.276.0.7230010.3.1.4.1878897112.16104.1520922340.748_label.nii.gz
1.2.276.0.7230010.3.1.4.3039483695.11356.1526286527.354_data.nii.gz,1.2.276.0.7230010.3.1.4.3039483695.11356.1526286527.354_label.nii.gz
1.2.276.0.7230010.3.1.4.1878897112.20276.1520997554.910_data.nii.gz,1.2.276.0.7230010.3.1.4.1878897112.20276.1520997554.910_label.nii.gz
1.2.276.0.7230010.3.1.4.1528798526.13136.1526527028.713_data.nii.gz,1.2.276.0.7230010.3.1.4.1528798526.13136.1526527028.713_label.nii.gz
1.2.276.0.7230010.3.1.4.1878897112.17212.1520845484.804_data.nii.gz,1.2.276.0.7230010.3.1.4.1878897112.17212.1520845484.804_label.nii.gz
1.2.276.0.7230010.3.1.4.1878897112.11548.1520995561.450_data.nii.gz,1.2.276.0.7230010.3.1.4.1878897112.11548.1520995561.450_label.nii.gz
1.2.276.0.7230010.3.1.4.649952970.11180.1526953587.443_data.nii.gz,1.2.276.0.7230010.3.1.4.649952970.11180.1526953587.443_label.nii.gz
1.2.276.0.7230010.3.1.4.3499319931.28860.1525954019.687_data.nii.gz,1.2.276.0.7230010.3.1.4.3499319931.28860.1525954019.687_label.nii.gz
1.2.276.0.7230010.3.1.4.1878897112.5592.1520994189.199_data.nii.gz,1.2.276.0.7230010.3.1.4.1878897112.5592.1520994189.199_label.nii.gz
1.2.276.0.7230010.3.1.4.1878897112.10684.1520923369.533_data.nii.gz,1.2.276.0.7230010.3.1.4.1878897112.10684.1520923369.533_label.nii.gz
1.2.276.0.7230010.3.1.4.1878897112.2324.1520502851.411_data.nii.gz,1.2.276.0.7230010.3.1.4.1878897112.2324.1520502851.411_label.nii.gz
1.2.276.0.7230010.3.1.4.162772450.22496.1526460921.399_data.nii.gz,1.2.276.0.7230010.3.1.4.162772450.22496.1526460921.399_label.nii.gz
1.2.276.0.7230010.3.1.4.1878897112.19264.1520847206.970_data.nii.gz,1.2.276.0.7230010.3.1.4.1878897112.19264.1520847206.970_label.nii.gz
1.2.276.0.7230010.3.1.4.3039483695.10564.1526285919.125_data.nii.gz,1.2.276.0.7230010.3.1.4.3039483695.10564.1526285919.125_label.nii.gz
1.2.276.0.7230010.3.1.4.3499319931.40404.1525952768.842_data.nii.gz,1.2.276.0.7230010.3.1.4.3499319931.40404.1525952768.842_label.nii.gz
1.2.276.0.7230010.3.1.4.3499319931.17888.1525762014.822_data.nii.gz,1.2.276.0.7230010.3.1.4.3499319931.17888.1525762014.822_label.nii.gz
1.2.276.0.7230010.3.1.4.325321552.12156.1526718827.584_data.nii.gz,1.2.276.0.7230010.3.1.4.325321552.12156.1526718827.584_label.nii.gz
1.2.276.0.7230010.3.1.4.3499319931.30928.1525953101.682_data.nii.gz,1.2.276.0.7230010.3.1.4.3499319931.30928.1525953101.682_label.nii.gz
1.2.276.0.7230010.3.1.4.3499319931.15288.1525679063.852_data.nii.gz,1.2.276.0.7230010.3.1.4.3499319931.15288.1525679063.852_label.nii.gz
1.2.276.0.7230010.3.1.4.1878897112.10748.1525251297.420_data.nii.gz,1.2.276.0.7230010.3.1.4.1878897112.10748.1525251297.420_label.nii.gz
1.2.276.0.7230010.3.1.4.1878897112.8480.1525246794.453_data.nii.gz,1.2.276.0.7230010.3.1.4.1878897112.8480.1525246794.453_label.nii.gz
1.2.276.0.7230010.3.1.4.3212186034.8448.1525340623.242_data.nii.gz,1.2.276.0.7230010.3.1.4.3212186034.8448.1525340623.242_label.nii.gz
1.2.276.0.7230010.3.1.4.1878897112.14264.1520498575.247_data.nii.gz,1.2.276.0.7230010.3.1.4.1878897112.14264.1520498575.247_label.nii.gz
1.2.276.0.7230010.3.1.4.3068885867.8292.1526002745.228_data.nii.gz,1.2.276.0.7230010.3.1.4.3068885867.8292.1526002745.228_label.nii.gz
1.2.276.0.7230010.3.1.4.325321552.9816.1526720059.317_data.nii.gz,1.2.276.0.7230010.3.1.4.325321552.9816.1526720059.317_label.nii.gz
1.2.276.0.7230010.3.1.4.3212186034.8880.1525330523.595_data.nii.gz,1.2.276.0.7230010.3.1.4.3212186034.8880.1525330523.595_label.nii.gz
1.2.276.0.7230010.3.1.4.325321552.3416.1526719270.834_data.nii.gz,1.2.276.0.7230010.3.1.4.325321552.3416.1526719270.834_label.nii.gz
1.2.276.0.7230010.3.1.4.3499319931.36084.1525953258.27_data.nii.gz,1.2.276.0.7230010.3.1.4.3499319931.36084.1525953258.27_label.nii.gz
1.2.276.0.7230010.3.1.4.3295978919.13948.1526631523.87_data.nii.gz,1.2.276.0.7230010.3.1.4.3295978919.13948.1526631523.87_label.nii.gz
1.2.276.0.7230010.3.1.4.3499319931.24524.1525832329.519_data.nii.gz,1.2.276.0.7230010.3.1.4.3499319931.24524.1525832329.519_label.nii.gz
1.2.276.0.7230010.3.1.4.3499319931.13452.1525673448.365_data.nii.gz,1.2.276.0.7230010.3.1.4.3499319931.13452.1525673448.365_label.nii.gz
1.2.276.0.7230010.3.1.4.1528798526.8244.1526541271.184_data.nii.gz,1.2.276.0.7230010.3.1.4.1528798526.8244.1526541271.184_label.nii.gz
1.2.276.0.7230010.3.1.4.1878897112.17684.1520905543.987_data.nii.gz,1.2.276.0.7230010.3.1.4.1878897112.17684.1520905543.987_label.nii.gz
1.2.276.0.7230010.3.1.4.3499319931.20288.1525952921.569_data.nii.gz,1.2.276.0.7230010.3.1.4.3499319931.20288.1525952921.569_label.nii.gz
1.2.276.0.7230010.3.1.4.1878897112.18312.1520904136.888_data.nii.gz,1.2.276.0.7230010.3.1.4.1878897112.18312.1520904136.888_label.nii.gz
1.2.276.0.7230010.3.1.4.649952970.7700.1526952420.918_data.nii.gz,1.2.276.0.7230010.3.1.4.649952970.7700.1526952420.918_label.nii.gz
1.2.276.0.7230010.3.1.4.3039483695.12380.1526295675.16_data.nii.gz,1.2.276.0.7230010.3.1.4.3039483695.12380.1526295675.16_label.nii.gz
1.2.276.0.7230010.3.1.4.3068885867.15032.1526021739.857_data.nii.gz,1.2.276.0.7230010.3.1.4.3068885867.15032.1526021739.857_label.nii.gz
1.2.276.0.7230010.3.1.4.649952970.9792.1526953283.200_data.nii.gz,1.2.276.0.7230010.3.1.4.649952970.9792.1526953283.200_label.nii.gz
1.2.276.0.7230010.3.1.4.1878897112.8904.1525250457.320_data.nii.gz,1.2.276.0.7230010.3.1.4.1878897112.8904.1525250457.320_label.nii.gz
1.2.276.0.7230010.3.1.4.3039483695.9852.1526279752.731_data.nii.gz,1.2.276.0.7230010.3.1.4.3039483695.9852.1526279752.731_label.nii.gz
1.2.276.0.7230010.3.1.4.3039483695.4460.1526287768.983_data.nii.gz,1.2.276.0.7230010.3.1.4.3039483695.4460.1526287768.983_label.nii.gz
1.2.276.0.7230010.3.1.4.3295978919.8664.1526629161.26_data.nii.gz,1.2.276.0.7230010.3.1.4.3295978919.8664.1526629161.26_label.nii.gz
1.2.276.0.7230010.3.1.4.3499319931.26352.1525828813.82_data.nii.gz,1.2.276.0.7230010.3.1.4.3499319931.26352.1525828813.82_label.nii.gz
1.2.276.0.7230010.3.1.4.3295978919.10372.1526625452.373_data.nii.gz,1.2.276.0.7230010.3.1.4.3295978919.10372.1526625452.373_label.nii.gz
1.2.276.0.7230010.3.1.4.3499319931.28596.1525847223.233_data.nii.gz,1.2.276.0.7230010.3.1.4.3499319931.28596.1525847223.233_label.nii.gz
1.2.276.0.7230010.3.1.4.3499319931.16784.1525764699.658_data.nii.gz,1.2.276.0.7230010.3.1.4.3499319931.16784.1525764699.658_label.nii.gz
1.2.276.0.7230010.3.1.4.209996542.3120.1531876546.575_data.nii.gz,1.2.276.0.7230010.3.1.4.209996542.3120.1531876546.575_label.nii.gz
1.2.276.0.7230010.3.1.4.3499319931.12160.1525829759.741_data.nii.gz,1.2.276.0.7230010.3.1.4.3499319931.12160.1525829759.741_label.nii.gz
1.2.276.0.7230010.3.1.4.3499319931.17832.1525762973.197_data.nii.gz,1.2.276.0.7230010.3.1.4.3499319931.17832.1525762973.197_label.nii.gz
1.2.276.0.7230010.3.1.4.1878897112.14256.1520494433.381_data.nii.gz,1.2.276.0.7230010.3.1.4.1878897112.14256.1520494433.381_label.nii.gz
1.2.276.0.7230010.3.1.4.3039483695.5932.1526279364.579_data.nii.gz,1.2.276.0.7230010.3.1.4.3039483695.5932.1526279364.579_label.nii.gz
1.2.276.0.7230010.3.1.4.1878897112.5932.1525246121.575_data.nii.gz,1.2.276.0.7230010.3.1.4.1878897112.5932.1525246121.575_label.nii.gz
1.2.276.0.7230010.3.1.4.649952970.10136.1526953829.26_data.nii.gz,1.2.276.0.7230010.3.1.4.649952970.10136.1526953829.26_label.nii.gz
1.2.276.0.7230010.3.1.4.1878897112.4640.1525241043.691_data.nii.gz,1.2.276.0.7230010.3.1.4.1878897112.4640.1525241043.691_label.nii.gz
1.2.276.0.7230010.3.1.4.3039483695.10684.1526276673.925_data.nii.gz,1.2.276.0.7230010.3.1.4.3039483695.10684.1526276673.925_label.nii.gz
1.2.276.0.7230010.3.1.4.3039483695.10428.1526282960.374_data.nii.gz,1.2.276.0.7230010.3.1.4.3039483695.10428.1526282960.374_label.nii.gz
1.2.276.0.7230010.3.1.4.1528798526.4056.1526541056.562_data.nii.gz,1.2.276.0.7230010.3.1.4.1528798526.4056.1526541056.562_label.nii.gz
1.2.276.0.7230010.3.1.4.649952970.11924.1526957873.102_data.nii.gz,1.2.276.0.7230010.3.1.4.649952970.11924.1526957873.102_label.nii.gz
1.2.276.0.7230010.3.1.4.1878897112.9920.1520847904.843_data.nii.gz,1.2.276.0.7230010.3.1.4.1878897112.9920.1520847904.843_label.nii.gz
1.2.276.0.7230010.3.1.4.1528798526.12808.1526546587.492_data.nii.gz,1.2.276.0.7230010.3.1.4.1528798526.12808.1526546587.492_label.nii.gz
1.2.276.0.7230010.3.1.4.3499319931.29608.1525848809.890_data.nii.gz,1.2.276.0.7230010.3.1.4.3499319931.29608.1525848809.890_label.nii.gz
1.2.276.0.7230010.3.1.4.1878897112.17352.1520905131.298_data.nii.gz,1.2.276.0.7230010.3.1.4.1878897112.17352.1520905131.298_label.nii.gz
1.2.276.0.7230010.3.1.4.3499319931.22324.1525764952.854_data.nii.gz,1.2.276.0.7230010.3.1.4.3499319931.22324.1525764952.854_label.nii.gz
1.2.276.0.7230010.3.1.4.1878897112.10436.1525253192.660_data.nii.gz,1.2.276.0.7230010.3.1.4.1878897112.10436.1525253192.660_label.nii.gz
1.2.276.0.7230010.3.1.4.3039483695.8484.1526288172.201_data.nii.gz,1.2.276.0.7230010.3.1.4.3039483695.8484.1526288172.201_label.nii.gz
1.2.276.0.7230010.3.1.4.3039483695.8548.1526277298.408_data.nii.gz,1.2.276.0.7230010.3.1.4.3039483695.8548.1526277298.408_label.nii.gz
1.2.276.0.7230010.3.1.4.1528798526.13260.1526524569.735_data.nii.gz,1.2.276.0.7230010.3.1.4.1528798526.13260.1526524569.735_label.nii.gz
1.2.276.0.7230010.3.1.4.1878897112.19320.1520848885.907_data.nii.gz,1.2.276.0.7230010.3.1.4.1878897112.19320.1520848885.907_label.nii.gz
1.2.276.0.7230010.3.1.4.3068885867.6644.1526021469.801_data.nii.gz,1.2.276.0.7230010.3.1.4.3068885867.6644.1526021469.801_label.nii.gz
1.2.276.0.7230010.3.1.4.3499319931.22052.1525769899.37_data.nii.gz,1.2.276.0.7230010.3.1.4.3499319931.22052.1525769899.37_label.nii.gz
1.2.276.0.7230010.3.1.4.325321552.1068.1526712182.932_data.nii.gz,1.2.276.0.7230010.3.1.4.325321552.1068.1526712182.932_label.nii.gz
1.2.276.0.7230010.3.1.4.1878897112.6200.1520494646.428_data.nii.gz,1.2.276.0.7230010.3.1.4.1878897112.6200.1520494646.428_label.nii.gz
1.2.276.0.7230010.3.1.4.3499319931.14188.1525765745.121_data.nii.gz,1.2.276.0.7230010.3.1.4.3499319931.14188.1525765745.121_label.nii.gz
1.2.276.0.7230010.3.1.4.1878897112.16392.1520991472.497_data.nii.gz,1.2.276.0.7230010.3.1.4.1878897112.16392.1520991472.497_label.nii.gz
1.2.276.0.7230010.3.1.4.1878897112.11224.1525232846.349_data.nii.gz,1.2.276.0.7230010.3.1.4.1878897112.11224.1525232846.349_label.nii.gz
1.2.276.0.7230010.3.1.4.3068885867.12660.1526027643.700_data.nii.gz,1.2.276.0.7230010.3.1.4.3068885867.12660.1526027643.700_label.nii.gz
1.2.276.0.7230010.3.1.4.209996542.7100.1531896710.521_data.nii.gz,1.2.276.0.7230010.3.1.4.209996542.7100.1531896710.521_label.nii.gz
1.2.276.0.7230010.3.1.4.1878897112.10956.1525244406.73_data.nii.gz,1.2.276.0.7230010.3.1.4.1878897112.10956.1525244406.73_label.nii.gz
1.2.276.0.7230010.3.1.4.649952970.10800.1526956463.640_data.nii.gz,1.2.276.0.7230010.3.1.4.649952970.10800.1526956463.640_label.nii.gz
1.2.276.0.7230010.3.1.4.1878897112.20220.1520993884.893_data.nii.gz,1.2.276.0.7230010.3.1.4.1878897112.20220.1520993884.893_label.nii.gz
1.2.276.0.7230010.3.1.4.3499319931.15720.1525679665.565_data.nii.gz,1.2.276.0.7230010.3.1.4.3499319931.15720.1525679665.565_label.nii.gz
1.2.276.0.7230010.3.1.4.649952970.10804.1526954116.336_data.nii.gz,1.2.276.0.7230010.3.1.4.649952970.10804.1526954116.336_label.nii.gz
1.2.276.0.7230010.3.1.4.3499319931.25612.1525952546.629_data.nii.gz,1.2.276.0.7230010.3.1.4.3499319931.25612.1525952546.629_label.nii.gz
1.2.276.0.7230010.3.1.4.3212186034.4148.1525344811.968_data.nii.gz,1.2.276.0.7230010.3.1.4.3212186034.4148.1525344811.968_label.nii.gz
1.2.276.0.7230010.3.1.4.3499319931.17772.1525743170.505_data.nii.gz,1.2.276.0.7230010.3.1.4.3499319931.17772.1525743170.505_label.nii.gz
1.2.276.0.7230010.3.1.4.1878897112.10656.1525252486.693_data.nii.gz,1.2.276.0.7230010.3.1.4.1878897112.10656.1525252486.693_label.nii.gz
1.2.276.0.7230010.3.1.4.1878897112.18784.1520998160.70_data.nii.gz,1.2.276.0.7230010.3.1.4.1878897112.18784.1520998160.70_label.nii.gz
1.2.276.0.7230010.3.1.4.649952970.5180.1526956278.565_data.nii.gz,1.2.276.0.7230010.3.1.4.649952970.5180.1526956278.565_label.nii.gz
1.2.276.0.7230010.3.1.4.1878897112.10096.1520496477.324_data.nii.gz,1.2.276.0.7230010.3.1.4.1878897112.10096.1520496477.324_label.nii.gz
1.2.276.0.7230010.3.1.4.3295978919.4448.1526632263.31_data.nii.gz,1.2.276.0.7230010.3.1.4.3295978919.4448.1526632263.31_label.nii.gz
1.2.276.0.7230010.3.1.4.3499319931.37740.1525951900.372_data.nii.gz,1.2.276.0.7230010.3.1.4.3499319931.37740.1525951900.372_label.nii.gz
1.2.276.0.7230010.3.1.4.3499319931.31280.1525848381.747_data.nii.gz,1.2.276.0.7230010.3.1.4.3499319931.31280.1525848381.747_label.nii.gz
1.2.276.0.7230010.3.1.4.1878897112.19800.1520999192.391_data.nii.gz,1.2.276.0.7230010.3.1.4.1878897112.19800.1520999192.391_label.nii.gz
1.2.276.0.7230010.3.1.4.1878897112.10024.1525250670.512_data.nii.gz,1.2.276.0.7230010.3.1.4.1878897112.10024.1525250670.512_label.nii.gz
1.2.276.0.7230010.3.1.4.3039483695.10780.1526282408.234_data.nii.gz,1.2.276.0.7230010.3.1.4.3039483695.10780.1526282408.234_label.nii.gz
1.2.276.0.7230010.3.1.4.3212186034.8088.1525329931.634_data.nii.gz,1.2.276.0.7230010.3.1.4.3212186034.8088.1525329931.634_label.nii.gz
1.2.276.0.7230010.3.1.4.1306685800.8676.1526866893.409_data.nii.gz,1.2.276.0.7230010.3.1.4.1306685800.8676.1526866893.409_label.nii.gz
1.2.276.0.7230010.3.1.4.1878897112.18008.1520903829.58_data.nii.gz,1.2.276.0.7230010.3.1.4.1878897112.18008.1520903829.58_label.nii.gz
1.2.276.0.7230010.3.1.4.3068885867.14800.1526023031.666_data.nii.gz,1.2.276.0.7230010.3.1.4.3068885867.14800.1526023031.666_label.nii.gz
1.2.276.0.7230010.3.1.4.1528798526.12548.1526525025.471_data.nii.gz,1.2.276.0.7230010.3.1.4.1528798526.12548.1526525025.471_label.nii.gz
1.2.276.0.7230010.3.1.4.3499319931.12508.1525685437.679_data.nii.gz,1.2.276.0.7230010.3.1.4.3499319931.12508.1525685437.679_label.nii.gz
1.2.276.0.7230010.3.1.4.1878897112.9412.1525249459.673_data.nii.gz,1.2.276.0.7230010.3.1.4.1878897112.9412.1525249459.673_label.nii.gz
1.2.276.0.7230010.3.1.4.3068885867.11000.1526003568.572_data.nii.gz,1.2.276.0.7230010.3.1.4.3068885867.11000.1526003568.572_label.nii.gz
1.2.276.0.7230010.3.1.4.1528798526.12332.1526549799.629_data.nii.gz,1.2.276.0.7230010.3.1.4.1528798526.12332.1526549799.629_label.nii.gz
1.2.276.0.7230010.3.1.4.3039483695.8336.1526282251.363_data.nii.gz,1.2.276.0.7230010.3.1.4.3039483695.8336.1526282251.363_label.nii.gz
1.2.276.0.7230010.3.1.4.3295978919.15120.1526628504.122_data.nii.gz,1.2.276.0.7230010.3.1.4.3295978919.15120.1526628504.122_label.nii.gz
1.2.276.0.7230010.3.1.4.1528798526.12580.1526527223.120_data.nii.gz,1.2.276.0.7230010.3.1.4.1528798526.12580.1526527223.120_label.nii.gz
1.2.276.0.7230010.3.1.4.1528798526.10556.1526524413.878_data.nii.gz,1.2.276.0.7230010.3.1.4.1528798526.10556.1526524413.878_label.nii.gz
1.2.276.0.7230010.3.1.4.3499319931.17596.1525766338.801_data.nii.gz,1.2.276.0.7230010.3.1.4.3499319931.17596.1525766338.801_label.nii.gz
1.2.276.0.7230010.3.1.4.3039483695.10412.1526282037.797_data.nii.gz,1.2.276.0.7230010.3.1.4.3039483695.10412.1526282037.797_label.nii.gz
1.2.276.0.7230010.3.1.4.3039483695.10112.1526277952.970_data.nii.gz,1.2.276.0.7230010.3.1.4.3039483695.10112.1526277952.970_label.nii.gz
1.2.276.0.7230010.3.1.4.1528798526.10480.1526538368.959_data.nii.gz,1.2.276.0.7230010.3.1.4.1528798526.10480.1526538368.959_label.nii.gz
1.2.276.0.7230010.3.1.4.1878897112.18288.1520846941.285_data.nii.gz,1.2.276.0.7230010.3.1.4.1878897112.18288.1520846941.285_label.nii.gz
1.2.276.0.7230010.3.1.4.3499319931.31616.1525847661.453_data.nii.gz,1.2.276.0.7230010.3.1.4.3499319931.31616.1525847661.453_label.nii.gz
1.2.276.0.7230010.3.1.4.3499319931.28176.1525863694.790_data.nii.gz,1.2.276.0.7230010.3.1.4.3499319931.28176.1525863694.790_label.nii.gz
1.2.276.0.7230010.3.1.4.1878897112.9644.1525231356.605_data.nii.gz,1.2.276.0.7230010.3.1.4.1878897112.9644.1525231356.605_label.nii.gz
1.2.276.0.7230010.3.1.4.1528798526.13800.1526549234.868_data.nii.gz,1.2.276.0.7230010.3.1.4.1528798526.13800.1526549234.868_label.nii.gz
1.2.276.0.7230010.3.1.4.1878897112.6900.1520417387.744_data.nii.gz,1.2.276.0.7230010.3.1.4.1878897112.6900.1520417387.744_label.nii.gz
